{
	"class_name" : "PinholeCameraTrajectory",
	"extrinsic" : 
	[
		[
			0.86206876103803509,
			-0.47811102547870904,
			0.16806932664244378,
			0.0,
			0.3715574853998414,
			0.82179468005830469,
			0.43197053009576408,
			0.0,
			-0.34464835163640911,
			-0.3099408833044876,
			0.88608925203431976,
			0.0,
			0.2498400256529093,
			0.21943851273966491,
			0.56127408064515716,
			1.0
		]
	],
	"intrinsic" : 
	{
		"height" : 1056,
		"intrinsic_matrix" : 
		[
			914.52282639636724,
			0.0,
			0.0,
			0.0,
			914.52282639636724,
			0.0,
			927.0,
			527.5,
			1.0
		],
		"width" : 1855
	},
	"version_major" : 1,
	"version_minor" : 0
}