{
    "width": 640,
    "height": 480,
    "intrinsic_matrix": [
        627.642333984375,
        0,
        0,
        0,
        627.642333984375,
        0,
        327.36773681640625,
        239.5690155029297,
        1
    ]
}