{
    "width": 640,
    "height": 480,
    "intrinsic_matrix": [
        622.4392700195312,
        0,
        0,
        0,
        622.4393310546875,
        0,
        315.746337890625,
        250.80445861816406,
        1
    ]
}